{"cameraMode":{"drawMode":0,"name":"Shaded","section":"Shading Mode"},"sceneLighting":false,"audioPlay":false,"sceneViewState":{"showFog":true,"showMaterialUpdate":false,"showSkybox":false,"showFlares":true,"showImageEffects":true,"showParticleSystems":true},"in2DMode":false,"pivot":{"x":10.975862503051758,"y":0.8636293411254883,"z":-9.974544525146485},"rotation":{"x":-0.03779720142483711,"y":0.00927866343408823,"z":-0.00034637373755685985,"w":-0.99924236536026},"size":3.8965094089508058,"orthographic":false}