{"cameraMode":{"drawMode":0,"name":"Shaded","section":"Shading Mode"},"sceneLighting":false,"audioPlay":false,"sceneViewState":{"showFog":true,"showMaterialUpdate":false,"showSkybox":false,"showFlares":true,"showImageEffects":true,"showParticleSystems":true},"in2DMode":false,"pivot":{"x":-0.194053053855896,"y":0.1740189492702484,"z":-0.061535779386758807},"rotation":{"x":-0.028135143220424653,"y":0.158558651804924,"z":-0.00452137878164649,"w":-0.9869382977485657},"size":1.8711845874786378,"orthographic":true}