{"cameraMode":{"drawMode":0,"name":"Shaded","section":"Shading Mode"},"sceneLighting":false,"audioPlay":false,"sceneViewState":{"showFog":true,"showMaterialUpdate":false,"showSkybox":false,"showFlares":true,"showImageEffects":true,"showParticleSystems":true},"in2DMode":false,"pivot":{"x":105.74254608154297,"y":12.858717918395996,"z":-0.7989935874938965},"rotation":{"x":0.006376521196216345,"y":-0.5769476294517517,"z":0.004505647346377373,"w":0.8167438507080078},"size":0.8857948184013367,"orthographic":false}