{"cameraMode":{"drawMode":0,"name":"Shaded","section":"Shading Mode"},"sceneLighting":true,"audioPlay":false,"sceneViewState":{"showFog":true,"showMaterialUpdate":false,"showSkybox":true,"showFlares":true,"showImageEffects":true,"showParticleSystems":true},"in2DMode":false,"pivot":{"x":290.9731750488281,"y":199.20150756835938,"z":10.3553466796875},"rotation":{"x":-0.03779720142483711,"y":0.00927866343408823,"z":-0.00034637373755685985,"w":-0.99924236536026},"size":581.9127807617188,"orthographic":false}