{"cameraMode":{"drawMode":0,"name":"Shaded","section":"Shading Mode"},"sceneLighting":false,"audioPlay":false,"sceneViewState":{"showFog":true,"showMaterialUpdate":false,"showSkybox":false,"showFlares":true,"showImageEffects":true,"showParticleSystems":true},"in2DMode":false,"pivot":{"x":-0.08716368675231934,"y":2.022894859313965,"z":0.003919124603271484},"rotation":{"x":0.05736685171723366,"y":0.33333930373191836,"z":-0.02032444253563881,"w":0.9408405423164368},"size":10.653564453125,"orthographic":false}