{"cameraMode":{"drawMode":0,"name":"Shaded","section":"Shading Mode"},"sceneLighting":false,"audioPlay":false,"sceneViewState":{"showFog":true,"showMaterialUpdate":false,"showSkybox":false,"showFlares":true,"showImageEffects":true,"showParticleSystems":true},"in2DMode":false,"pivot":{"x":0.0004149526357650757,"y":0.2589592933654785,"z":-4.470348358154297e-7},"rotation":{"x":0.23799481987953187,"y":0.2430962175130844,"z":-0.06165756285190582,"w":0.9383289217948914},"size":1.2686280012130738,"orthographic":false}