{"cameraMode":{"drawMode":0,"name":"Shaded","section":"Shading Mode"},"sceneLighting":false,"audioPlay":false,"sceneViewState":{"showFog":true,"showMaterialUpdate":false,"showSkybox":false,"showFlares":true,"showImageEffects":true,"showParticleSystems":true},"in2DMode":false,"pivot":{"x":0.15865755081176759,"y":2.1167831420898439,"z":0.3300950527191162},"rotation":{"x":0.05736685171723366,"y":0.33333930373191836,"z":-0.02032444253563881,"w":0.9408405423164368},"size":12.969993591308594,"orthographic":false}