{"cameraMode":{"drawMode":0,"name":"Shaded","section":"Shading Mode"},"sceneLighting":false,"audioPlay":false,"sceneViewState":{"showFog":true,"showMaterialUpdate":false,"showSkybox":false,"showFlares":true,"showImageEffects":true,"showParticleSystems":true},"in2DMode":false,"pivot":{"x":-0.026880323886871339,"y":-0.9152196645736694,"z":0.079814612865448},"rotation":{"x":0.07876872271299362,"y":-0.7706578373908997,"z":0.09714937955141068,"w":0.6248552799224854},"size":5.661465644836426,"orthographic":false}