{"cameraMode":{"drawMode":0,"name":"Shaded","section":"Shading Mode"},"sceneLighting":false,"audioPlay":false,"sceneViewState":{"showFog":true,"showMaterialUpdate":false,"showSkybox":false,"showFlares":true,"showImageEffects":true,"showParticleSystems":true},"in2DMode":false,"pivot":{"x":-0.09466147422790528,"y":0.028606440871953965,"z":0.0},"rotation":{"x":0.07876872271299362,"y":-0.7706578373908997,"z":0.09714937955141068,"w":0.6248552799224854},"size":9.747228622436524,"orthographic":false}