{"cameraMode":{"drawMode":0,"name":"Shaded","section":"Shading Mode"},"sceneLighting":true,"audioPlay":false,"sceneViewState":{"showFog":true,"showMaterialUpdate":false,"showSkybox":true,"showFlares":true,"showImageEffects":true,"showParticleSystems":true},"in2DMode":false,"pivot":{"x":22.383203506469728,"y":3.8592116832733156,"z":-7.3865580558776859},"rotation":{"x":0.18538422882556916,"y":0.2758617103099823,"z":-0.05431247502565384,"w":0.9415854811668396},"size":7.2398600578308109,"orthographic":false}