{"cameraMode":{"drawMode":0,"name":"Shaded","section":"Shading Mode"},"sceneLighting":false,"audioPlay":false,"sceneViewState":{"showFog":true,"showMaterialUpdate":false,"showSkybox":false,"showFlares":true,"showImageEffects":true,"showParticleSystems":true},"in2DMode":false,"pivot":{"x":18.13614845275879,"y":2.665231704711914,"z":-0.3364706039428711},"rotation":{"x":0.07876872271299362,"y":-0.7706578373908997,"z":0.09714937955141068,"w":0.6248552799224854},"size":66.51216888427735,"orthographic":false}