{"cameraMode":{"drawMode":0,"name":"Shaded","section":"Shading Mode"},"sceneLighting":false,"audioPlay":false,"sceneViewState":{"showFog":true,"showMaterialUpdate":false,"showSkybox":false,"showFlares":true,"showImageEffects":true,"showParticleSystems":true},"in2DMode":false,"pivot":{"x":0.022222816944122316,"y":2.1987075805664064,"z":0.10484683513641358},"rotation":{"x":0.07876872271299362,"y":-0.7706578373908997,"z":0.09714937955141068,"w":0.6248552799224854},"size":10.016219139099121,"orthographic":false}