{"cameraMode":{"drawMode":0,"name":"Shaded","section":"Shading Mode"},"sceneLighting":false,"audioPlay":false,"sceneViewState":{"showFog":true,"showMaterialUpdate":false,"showSkybox":false,"showFlares":true,"showImageEffects":true,"showParticleSystems":true},"in2DMode":false,"pivot":{"x":0.4230622351169586,"y":3.16342830657959,"z":0.05835139751434326},"rotation":{"x":-0.02295861579477787,"y":-0.642938494682312,"z":0.019304119050502778,"w":-0.7653302550315857},"size":15.530556678771973,"orthographic":true}