{"cameraMode":{"drawMode":0,"name":"Shaded","section":"Shading Mode"},"sceneLighting":false,"audioPlay":false,"sceneViewState":{"showFog":true,"showMaterialUpdate":false,"showSkybox":false,"showFlares":true,"showImageEffects":true,"showParticleSystems":true},"in2DMode":false,"pivot":{"x":-2.4871826171875,"y":-0.513129711151123,"z":-86.05924987792969},"rotation":{"x":0.05736685171723366,"y":0.33333930373191836,"z":-0.02032444253563881,"w":0.9408405423164368},"size":260.7859802246094,"orthographic":false}