{"cameraMode":{"drawMode":0,"name":"Shaded","section":"Shading Mode"},"sceneLighting":false,"audioPlay":false,"sceneViewState":{"showFog":true,"showMaterialUpdate":false,"showSkybox":false,"showFlares":true,"showImageEffects":true,"showParticleSystems":true},"in2DMode":false,"pivot":{"x":0.00041484832763671875,"y":0.17855936288833619,"z":-4.470348358154297e-7},"rotation":{"x":0.004036008846014738,"y":0.9939427971839905,"z":-0.10263770073652268,"w":0.039078157395124438},"size":1.0998632907867432,"orthographic":false}