{"cameraMode":{"drawMode":0,"name":"Shaded","section":"Shading Mode"},"sceneLighting":true,"audioPlay":false,"sceneViewState":{"showFog":true,"showMaterialUpdate":false,"showSkybox":true,"showFlares":true,"showImageEffects":true,"showParticleSystems":true},"in2DMode":false,"pivot":{"x":62.55807876586914,"y":1.6042699813842774,"z":-3.474544048309326},"rotation":{"x":-0.10944237560033798,"y":0.1700080931186676,"z":-0.019002370536327363,"w":-0.9791622161865234},"size":5.996508598327637,"orthographic":false}