{"cameraMode":{"drawMode":0,"name":"Shaded","section":"Shading Mode"},"sceneLighting":false,"audioPlay":false,"sceneViewState":{"showFog":true,"showMaterialUpdate":false,"showSkybox":false,"showFlares":true,"showImageEffects":true,"showParticleSystems":true},"in2DMode":false,"pivot":{"x":0.12781643867492677,"y":0.14739495515823365,"z":0.009386420249938965},"rotation":{"x":-0.1864740550518036,"y":-0.43233248591423037,"z":0.09186558425426483,"w":-0.8774263262748718},"size":3.0868258476257326,"orthographic":false}