{"cameraMode":{"drawMode":0,"name":"Shaded","section":"Shading Mode"},"sceneLighting":false,"audioPlay":false,"sceneViewState":{"showFog":true,"showMaterialUpdate":false,"showSkybox":false,"showFlares":true,"showImageEffects":true,"showParticleSystems":true},"in2DMode":false,"pivot":{"x":59.98046875,"y":6.813859939575195,"z":-0.030358370393514634},"rotation":{"x":-0.01566363498568535,"y":-0.8925966024398804,"z":0.031079692766070367,"w":-0.4495108723640442},"size":1.8720355033874512,"orthographic":true}