{"cameraMode":{"drawMode":0,"name":"Shaded","section":"Shading Mode"},"sceneLighting":false,"audioPlay":false,"sceneViewState":{"showFog":true,"showMaterialUpdate":false,"showSkybox":false,"showFlares":true,"showImageEffects":true,"showParticleSystems":true},"in2DMode":false,"pivot":{"x":0.17899766564369203,"y":2.5300002098083498,"z":0.0},"rotation":{"x":-0.051973745226860049,"y":0.3623652160167694,"z":-0.02025684528052807,"w":-0.9303654432296753},"size":9.707858085632325,"orthographic":false}