{"cameraMode":{"drawMode":0,"name":"Shaded","section":"Shading Mode"},"sceneLighting":false,"audioPlay":false,"sceneViewState":{"showFog":true,"showMaterialUpdate":false,"showSkybox":false,"showFlares":true,"showImageEffects":true,"showParticleSystems":true},"in2DMode":false,"pivot":{"x":60.07211685180664,"y":6.610799789428711,"z":0.0},"rotation":{"x":0.17245367169380189,"y":0.10437674820423126,"z":-0.018369443714618684,"w":0.9792996644973755},"size":3.1774024963378908,"orthographic":false}